athlete_name,activity_name,period_id,period_name,total_distance,total_duration,total_player_load,max_vel,date,hsr_efforts
Logan Hirou,Condo 2 - 2 - 26,aab2fff4-3ee5-4b14-af55-d39d650a71e8,Condo OTB,753.72931,390,73.41029,15.16374,02/02/2026,1
Grant Buckey,Condo 2 - 2 - 26,3541192e-2994-4999-97cd-a0af462268e8,Condo ITB,674.85893,330,72.50289,15.04018,02/02/2026,0
Dallin Havea,Condo 2 - 2 - 26,3541192e-2994-4999-97cd-a0af462268e8,Condo ITB,610.10065,330,73.34639,18.10541,02/02/2026,5
Jacob Reis,Condo 2 - 2 - 26,3541192e-2994-4999-97cd-a0af462268e8,Condo ITB,628.62099,330,65.49471,14.56332,02/02/2026,0
JD Rayner,Condo 2 - 2 - 26,3541192e-2994-4999-97cd-a0af462268e8,Condo ITB,596.30687,330,57.13406,13.9546,02/02/2026,0
Ty Lee,Condo 2 - 2 - 26,aab2fff4-3ee5-4b14-af55-d39d650a71e8,Condo OTB,804.19078,390,77.09453,14.87143,02/02/2026,0
Robert James,Condo 2 - 2 - 26,3541192e-2994-4999-97cd-a0af462268e8,Condo ITB,471.02146,330,76.1636,13.48281,02/02/2026,0
Brian Rowe,Condo 2 - 2 - 26,aab2fff4-3ee5-4b14-af55-d39d650a71e8,Condo OTB,762.8412,390,72.65954,18.36954,02/02/2026,11
CJ Lavender,Condo 2 - 2 - 26,aab2fff4-3ee5-4b14-af55-d39d650a71e8,Condo OTB,737.663,390,66.6412,16.8122,02/02/2026,11
Mikey Matthews,Condo 2 - 2 - 26,aab2fff4-3ee5-4b14-af55-d39d650a71e8,Condo OTB,729.2214,390,87.9419,16.42219,02/02/2026,8
Wyatt Mosier,Condo 2 - 2 - 26,3541192e-2994-4999-97cd-a0af462268e8,Condo ITB,652.47577,330,72.90063,15.28457,02/02/2026,1
Chase Coleman,Condo 2 - 2 - 26,aab2fff4-3ee5-4b14-af55-d39d650a71e8,Condo OTB,723.31253,390,53.13344,16.40948,02/02/2026,3
Sammy Omoshigo,Condo 2 - 2 - 26,3541192e-2994-4999-97cd-a0af462268e8,Condo ITB,629.03657,330,68.10039,14.72833,02/02/2026,0
Derek Osman,Condo 2 - 2 - 26,3541192e-2994-4999-97cd-a0af462268e8,Condo ITB,527.54093,330,72.87803,13.32433,02/02/2026,0
Robert Stafford,Condo 2 - 2 - 26,aab2fff4-3ee5-4b14-af55-d39d650a71e8,Condo OTB,350.11769,390,41.27419,6.20627,02/02/2026,0
Ashton Sanders,Condo 2 - 2 - 26,3541192e-2994-4999-97cd-a0af462268e8,Condo ITB,507.68484,330,63.99311,15.59762,02/02/2026,1
Landon Ellis,Condo 2 - 2 - 26,aab2fff4-3ee5-4b14-af55-d39d650a71e8,Condo OTB,772.45737,390,87.18571,16.05284,02/02/2026,5
Colton Gumino,Condo 2 - 2 - 26,aab2fff4-3ee5-4b14-af55-d39d650a71e8,Condo OTB,812.81774,390,60.57578,15.47727,02/02/2026,1
Brayden Loftin,Condo 2 - 2 - 26,3541192e-2994-4999-97cd-a0af462268e8,Condo ITB,623.03371,330,73.97893,16.05629,02/02/2026,2
Jalen Woods,Condo 2 - 2 - 26,3541192e-2994-4999-97cd-a0af462268e8,Condo ITB,663.85611,330,67.73546,15.5931,02/02/2026,1
Sean Na'a,Condo 2 - 2 - 26,3541192e-2994-4999-97cd-a0af462268e8,Condo ITB,472.31629,330,61.4004,12.9441,02/02/2026,0
Max Roy,Condo 2 - 2 - 26,3541192e-2994-4999-97cd-a0af462268e8,Condo ITB,442.15772,330,67.98524,13.92685,02/02/2026,0
Aiden Gobaira,Condo 2 - 2 - 26,3541192e-2994-4999-97cd-a0af462268e8,Condo ITB,166.95211,330,63.70887,11.77606,02/02/2026,0
Quinn Bucky,Condo 2 - 2 - 26,3541192e-2994-4999-97cd-a0af462268e8,Condo ITB,503.47553,330,63.22053,13.38296,02/02/2026,0
Michael Price,Condo 2 - 2 - 26,3541192e-2994-4999-97cd-a0af462268e8,Condo ITB,558.27868,330,70.19061,13.86321,02/02/2026,0
Scott Taylor,Condo 2 - 2 - 26,3541192e-2994-4999-97cd-a0af462268e8,Condo ITB,655.75027,330,69.28148,14.85433,02/02/2026,0
AJ Fuimaono,Condo 2 - 2 - 26,3541192e-2994-4999-97cd-a0af462268e8,Condo ITB,534.54398,330,61.27631,14.29986,02/02/2026,0
Tao Johnson,Condo 2 - 2 - 26,aab2fff4-3ee5-4b14-af55-d39d650a71e8,Condo OTB,833.39227,390,85.74316,17.4054,02/02/2026,9
Lucien Holland,Condo 2 - 2 - 26,3541192e-2994-4999-97cd-a0af462268e8,Condo ITB,625.58512,330,62.42266,15.67135,02/02/2026,2
DJ Barksdale,Condo 2 - 2 - 26,aab2fff4-3ee5-4b14-af55-d39d650a71e8,Condo OTB,732.18398,390,89.80787,17.62629,02/02/2026,11
Marcus Almada,Condo 2 - 2 - 26,3541192e-2994-4999-97cd-a0af462268e8,Condo ITB,503.25699,330,58.80378,13.0689,02/02/2026,0
Anthony Sacca,Condo 2 - 2 - 26,3541192e-2994-4999-97cd-a0af462268e8,Condo ITB,643.09001,330,67.32159,15.74349,02/02/2026,1
Ta'Shawn James,Condo 2 - 2 - 26,aab2fff4-3ee5-4b14-af55-d39d650a71e8,Condo OTB,723.48974,390,83.14185,16.35152,02/02/2026,7
Julian Armella,Condo 2 - 2 - 26,3541192e-2994-4999-97cd-a0af462268e8,Condo ITB,534.84692,330,75.76175,14.11166,02/02/2026,0
Donavyn Pellot,Condo 2 - 2 - 26,3541192e-2994-4999-97cd-a0af462268e8,Condo ITB,590.53596,330,63.67637,15.10352,02/02/2026,0
Eugene Brooks,Condo 2 - 2 - 26,3541192e-2994-4999-97cd-a0af462268e8,Condo ITB,521.25769,330,65.02032,12.20017,02/02/2026,0
Jaivian Thomas,Condo 2 - 2 - 26,aab2fff4-3ee5-4b14-af55-d39d650a71e8,Condo OTB,723.15733,390,86.37664,15.43176,02/02/2026,4
Sahir West,Condo 2 - 2 - 26,3541192e-2994-4999-97cd-a0af462268e8,Condo ITB,682.37652,330,64.72792,15.50156,02/02/2026,1
Caleb Walker,Condo 2 - 2 - 26,3541192e-2994-4999-97cd-a0af462268e8,Condo ITB,535.58183,330,81.34614,12.89622,02/02/2026,0
Riley Robell,Condo 2 - 2 - 26,3541192e-2994-4999-97cd-a0af462268e8,Condo ITB,556.61423,330,62.66936,14.46025,02/02/2026,0
Stevie Amar,Condo 2 - 2 - 26,3541192e-2994-4999-97cd-a0af462268e8,Condo ITB,683.97095,330,56.28059,16.03764,02/02/2026,2
Noah Fox-Flores,Condo 2 - 2 - 26,3541192e-2994-4999-97cd-a0af462268e8,Condo ITB,672.01776,330,67.98525,15.6005,02/02/2026,1
Peter Bario,Condo 2 - 2 - 26,3541192e-2994-4999-97cd-a0af462268e8,Condo ITB,630.25594,330,82.76841,15.67982,02/02/2026,5
Marcus Harris,Condo 2 - 2 - 26,aab2fff4-3ee5-4b14-af55-d39d650a71e8,Condo OTB,720.26577,390,72.89578,17.14072,02/02/2026,10
Madden Iamaleava,Condo 2 - 2 - 26,aab2fff4-3ee5-4b14-af55-d39d650a71e8,Condo OTB,747.79861,390,61.29638,14.99104,02/02/2026,0
Jace Brown,Condo 2 - 2 - 26,aab2fff4-3ee5-4b14-af55-d39d650a71e8,Condo OTB,732.29272,390,79.96506,16.26895,02/02/2026,4
Dylan Lee,Condo 2 - 2 - 26,aab2fff4-3ee5-4b14-af55-d39d650a71e8,Condo OTB,764.01685,390,66.00181,16.40563,02/02/2026,5
Amier Washington,Condo 2 - 2 - 26,3541192e-2994-4999-97cd-a0af462268e8,Condo ITB,490.22858,330,48.66783,13.56989,02/02/2026,0
Kenneth Moore,Condo 2 - 2 - 26,aab2fff4-3ee5-4b14-af55-d39d650a71e8,Condo OTB,789.69053,390,83.01849,18.85219,02/02/2026,11
Anthony Woods,Condo 2 - 2 - 26,aab2fff4-3ee5-4b14-af55-d39d650a71e8,Condo OTB,782.6534,390,91.17159,16.29087,02/02/2026,2
Ty Diffenbach,Condo 2 - 2 - 26,aab2fff4-3ee5-4b14-af55-d39d650a71e8,Condo OTB,775.89561,390,80.6647,16.48488,02/02/2026,7
Nico Iamaleava,Condo 2 - 2 - 26,aab2fff4-3ee5-4b14-af55-d39d650a71e8,Condo OTB,755.62164,390,69.17661,16.32398,02/02/2026,4
Joshua Dixon,Condo 2 - 2 - 26,aab2fff4-3ee5-4b14-af55-d39d650a71e8,Condo OTB,720.9077,390,77.61028,16.61093,02/02/2026,10
Jaylan Jeffers,Condo 2 - 2 - 26,3541192e-2994-4999-97cd-a0af462268e8,Condo ITB,493.4646,330,78.68171,12.56621,02/02/2026,0
Jhase McMillan,Condo 2 - 2 - 26,aab2fff4-3ee5-4b14-af55-d39d650a71e8,Condo OTB,697.16646,390,80.51379,17.93187,02/02/2026,11
Dylan Sims,Condo 2 - 2 - 26,3541192e-2994-4999-97cd-a0af462268e8,Condo ITB,659.83817,330,57.24075,15.10528,02/02/2026,2
Troy Leigber,Condo 2 - 2 - 26,aab2fff4-3ee5-4b14-af55-d39d650a71e8,Condo OTB,769.94535,390,80.51068,16.65277,02/02/2026,4
Sam Yoon,Condo 2 - 2 - 26,3541192e-2994-4999-97cd-a0af462268e8,Condo ITB,545.48886,330,76.13708,13.98128,02/02/2026,0
Jensen Somerville,Condo 2 - 2 - 26,3541192e-2994-4999-97cd-a0af462268e8,Condo ITB,549.14586,330,63.61803,14.63638,02/02/2026,0
Mone Malafu,Condo 2 - 2 - 26,3541192e-2994-4999-97cd-a0af462268e8,Condo ITB,645.78853,330,58.59193,15.90477,02/02/2026,1
KD Arnold,Condo 2 - 2 - 26,3541192e-2994-4999-97cd-a0af462268e8,Condo ITB,540.71415,330,63.16061,14.01096,02/02/2026,0
Scooter Jackson,Condo 2 - 2 - 26,aab2fff4-3ee5-4b14-af55-d39d650a71e8,Condo OTB,752.21899,390,69.06578,15.71039,02/02/2026,3
Aiden Mizell,Condo 2 - 2 - 26,aab2fff4-3ee5-4b14-af55-d39d650a71e8,Condo OTB,750.77981,390,76.77228,17.53764,02/02/2026,4
Aaron Williams,Condo 2 - 2 - 26,aab2fff4-3ee5-4b14-af55-d39d650a71e8,Condo OTB,752.50988,390,76.76587,18.04375,02/02/2026,11
Ezequiel Johnson,Condo 2 - 2 - 26,aab2fff4-3ee5-4b14-af55-d39d650a71e8,Condo OTB,772.09106,390,100.67574,19.10004,02/02/2026,11
JuJu Walls,Condo 2 - 2 - 26,3541192e-2994-4999-97cd-a0af462268e8,Condo ITB,687.08011,330,62.4316,16.62316,02/02/2026,2
Cole Martin,Condo 2 - 2 - 26,aab2fff4-3ee5-4b14-af55-d39d650a71e8,Condo OTB,731.80125,390,78.25379,18.16432,02/02/2026,11
LaRue Zamorano,Condo 2 - 2 - 26,aab2fff4-3ee5-4b14-af55-d39d650a71e8,Condo OTB,714.91692,390,65.62819,15.15462,02/02/2026,1
Carter Sweazie,Condo 2 - 2 - 26,3541192e-2994-4999-97cd-a0af462268e8,Condo ITB,483.74563,330,72.32668,12.69516,02/02/2026,0
Russell Weir,Condo 2 - 2 - 26,aab2fff4-3ee5-4b14-af55-d39d650a71e8,Condo OTB,687.84018,390,56.37799,15.88809,02/02/2026,8
Cole Cogshell,Condo 2 - 2 - 26,3541192e-2994-4999-97cd-a0af462268e8,Condo ITB,623.57505,330,75.87286,15.34668,02/02/2026,1
Shane Rosenthal,Condo 2 - 2 - 26,aab2fff4-3ee5-4b14-af55-d39d650a71e8,Condo OTB,785.7693,390,93.76185,15.55866,02/02/2026,8
Major Pride,Condo 2 - 2 - 26,aab2fff4-3ee5-4b14-af55-d39d650a71e8,Condo OTB,747.75683,390,65.71768,16.37644,02/02/2026,7
Leland Smith,Condo 2 - 2 - 26,aab2fff4-3ee5-4b14-af55-d39d650a71e8,Condo OTB,764.50358,390,86.25692,16.0236,02/02/2026,3
Josh Phifer,Condo 2 - 2 - 26,3541192e-2994-4999-97cd-a0af462268e8,Condo ITB,639.71933,330,59.3183,15.34537,02/02/2026,5
Karson Cox,Condo 2 - 2 - 26,aab2fff4-3ee5-4b14-af55-d39d650a71e8,Condo OTB,774.32748,390,90.07903,16.16173,02/02/2026,1
Semaj Morgan,Condo 2 - 2 - 26,aab2fff4-3ee5-4b14-af55-d39d650a71e8,Condo OTB,777.69582,390,76.31454,17.28528,02/02/2026,10
Brett Barry,Condo 2 - 2 - 26,aab2fff4-3ee5-4b14-af55-d39d650a71e8,Condo OTB,772.8883,390,69.57928,16.85293,02/02/2026,3
Nehemiah Johnson,Condo 2 - 2 - 26,3541192e-2994-4999-97cd-a0af462268e8,Condo ITB,493.18249,330,59.9347,14.76583,02/02/2026,0
Malaki Soliai,Condo 2 - 2 - 26,3541192e-2994-4999-97cd-a0af462268e8,Condo ITB,594.76824,330,63.37676,15.3082,02/02/2026,1
Darold DeNgohe,Condo 2 - 2 - 26,3541192e-2994-4999-97cd-a0af462268e8,Condo ITB,510.91976,330,75.43303,12.69674,02/02/2026,0
Tyson Ford,Condo 2 - 2 - 26,3541192e-2994-4999-97cd-a0af462268e8,Condo ITB,540.34236,330,57.83538,13.98014,02/02/2026,0
Jackson Meehan,Condo 2 - 2 - 26,aab2fff4-3ee5-4b14-af55-d39d650a71e8,Condo OTB,739.81525,390,84.17249,16.4205,02/02/2026,10
Wayne Knight,Condo 2 - 2 - 26,aab2fff4-3ee5-4b14-af55-d39d650a71e8,Condo OTB,712.47051,390,88.61391,17.14507,02/02/2026,9
Logan Hirou,Speed 1 - 30 - 26,2c11f588-1763-4038-8501-61fbfd547972,Speed OTB,1640.52127,2700,215.87471,13.68392,01/30/2026,0
Grant Buckey,Speed 1 - 30 - 26,fc0466ae-35b1-4a85-8ec1-5a6594d7da30,Speed ITB,1764.39968,2640,236.47336,14.76931,01/30/2026,0
Dallin Havea,Speed 1 - 30 - 26,fc0466ae-35b1-4a85-8ec1-5a6594d7da30,Speed ITB,1459.74935,2640,212.27888,16.11872,01/30/2026,3
Jacob Reis,Speed 1 - 30 - 26,fc0466ae-35b1-4a85-8ec1-5a6594d7da30,Speed ITB,1481.19041,2640,176.05478,15.79888,01/30/2026,2
JD Rayner,Speed 1 - 30 - 26,fc0466ae-35b1-4a85-8ec1-5a6594d7da30,Speed ITB,1795.33978,2640,209.41063,14.75193,01/30/2026,0
Ty Lee,Speed 1 - 30 - 26,2c11f588-1763-4038-8501-61fbfd547972,Speed OTB,1806.22865,2700,187.45537,16.57703,01/30/2026,2
Robert James,Speed 1 - 30 - 26,fc0466ae-35b1-4a85-8ec1-5a6594d7da30,Speed ITB,1544.93184,2640,233.3078,14.32577,01/30/2026,0
Brian Rowe,Speed 1 - 30 - 26,2c11f588-1763-4038-8501-61fbfd547972,Speed OTB,1501.47192,2700,186.86209,17.07332,01/30/2026,5
CJ Lavender,Speed 1 - 30 - 26,2c11f588-1763-4038-8501-61fbfd547972,Speed OTB,1598.70352,2700,186.5218,17.84669,01/30/2026,6
Mikey Matthews,Speed 1 - 30 - 26,2c11f588-1763-4038-8501-61fbfd547972,Speed OTB,1758.3489,2700,230.61469,17.04629,01/30/2026,5
Wyatt Mosier,Speed 1 - 30 - 26,fc0466ae-35b1-4a85-8ec1-5a6594d7da30,Speed ITB,1732.88674,2640,220.89011,16.08774,01/30/2026,3
Chase Coleman,Speed 1 - 30 - 26,2c11f588-1763-4038-8501-61fbfd547972,Speed OTB,1637.47673,2700,187.27718,17.37235,01/30/2026,6
Sammy Omoshigo,Speed 1 - 30 - 26,fc0466ae-35b1-4a85-8ec1-5a6594d7da30,Speed ITB,1619.28379,2640,214.23082,15.98974,01/30/2026,3
Derek Osman,Speed 1 - 30 - 26,fc0466ae-35b1-4a85-8ec1-5a6594d7da30,Speed ITB,1747.30036,2640,221.80911,13.39882,01/30/2026,0
Robert Stafford,Speed 1 - 30 - 26,2c11f588-1763-4038-8501-61fbfd547972,Speed OTB,1673.45743,2700,162.43169,7.06364,01/30/2026,0
Ashton Sanders,Speed 1 - 30 - 26,fc0466ae-35b1-4a85-8ec1-5a6594d7da30,Speed ITB,1741.21286,2640,247.73366,14.35609,01/30/2026,0
Landon Ellis,Speed 1 - 30 - 26,2c11f588-1763-4038-8501-61fbfd547972,Speed OTB,1767.83097,2700,222.34471,15.34624,01/30/2026,1
Colton Gumino,Speed 1 - 30 - 26,2c11f588-1763-4038-8501-61fbfd547972,Speed OTB,1766.16198,2700,175.14729,17.25746,01/30/2026,6
Brayden Loftin,Speed 1 - 30 - 26,fc0466ae-35b1-4a85-8ec1-5a6594d7da30,Speed ITB,1365.45831,2640,170.82727,14.3938,01/30/2026,0
Jalen Woods,Speed 1 - 30 - 26,fc0466ae-35b1-4a85-8ec1-5a6594d7da30,Speed ITB,1721.83674,2640,215.9678,17.08286,01/30/2026,5
Sean Na'a,Speed 1 - 30 - 26,fc0466ae-35b1-4a85-8ec1-5a6594d7da30,Speed ITB,1610.15642,2640,216.63382,13.07106,01/30/2026,0
Max Roy,Speed 1 - 30 - 26,fc0466ae-35b1-4a85-8ec1-5a6594d7da30,Speed ITB,1515.36369,2640,224.79555,13.26804,01/30/2026,0
Gavin Blum,Speed 1 - 30 - 26,fc0466ae-35b1-4a85-8ec1-5a6594d7da30,Speed ITB,1798.18929,2640,207.91869,16.20637,01/30/2026,5
Quinn Bucky,Speed 1 - 30 - 26,fc0466ae-35b1-4a85-8ec1-5a6594d7da30,Speed ITB,1519.83961,2640,192.24664,14.38671,01/30/2026,0
Michael Price,Speed 1 - 30 - 26,fc0466ae-35b1-4a85-8ec1-5a6594d7da30,Speed ITB,1588.68117,2640,181.77396,15.57157,01/30/2026,2
Scott Taylor,Speed 1 - 30 - 26,fc0466ae-35b1-4a85-8ec1-5a6594d7da30,Speed ITB,1878.4636,2640,208.55563,16.51907,01/30/2026,6
AJ Fuimaono,Speed 1 - 30 - 26,fc0466ae-35b1-4a85-8ec1-5a6594d7da30,Speed ITB,1816.04447,2640,211.39565,15.58948,01/30/2026,1
Tao Johnson,Speed 1 - 30 - 26,2c11f588-1763-4038-8501-61fbfd547972,Speed OTB,1929.3516,2700,218.63454,16.36116,01/30/2026,3
DJ Barksdale,Speed 1 - 30 - 26,2c11f588-1763-4038-8501-61fbfd547972,Speed OTB,1603.42413,2700,216.49498,16.88266,01/30/2026,4
Marcus Almada,Speed 1 - 30 - 26,fc0466ae-35b1-4a85-8ec1-5a6594d7da30,Speed ITB,1754.80013,2640,223.04703,14.58573,01/30/2026,0
Anthony Sacca,Speed 1 - 30 - 26,fc0466ae-35b1-4a85-8ec1-5a6594d7da30,Speed ITB,1488.73344,2640,186.85347,16.7074,01/30/2026,6
Ta'Shawn James,Speed 1 - 30 - 26,2c11f588-1763-4038-8501-61fbfd547972,Speed OTB,1606.22317,2700,194.4407,17.26251,01/30/2026,5
Julian Armella,Speed 1 - 30 - 26,fc0466ae-35b1-4a85-8ec1-5a6594d7da30,Speed ITB,1571.30912,2640,230.56763,14.66353,01/30/2026,0
Donavyn Pellot,Speed 1 - 30 - 26,fc0466ae-35b1-4a85-8ec1-5a6594d7da30,Speed ITB,1735.33309,2640,234.10072,17.61041,01/30/2026,5
Eugene Brooks,Speed 1 - 30 - 26,fc0466ae-35b1-4a85-8ec1-5a6594d7da30,Speed ITB,1686.07924,2640,216.66295,14.13491,01/30/2026,0
Jaivian Thomas,Speed 1 - 30 - 26,2c11f588-1763-4038-8501-61fbfd547972,Speed OTB,1688.13858,2700,197.68663,17.91406,01/30/2026,5
Sahir West,Speed 1 - 30 - 26,fc0466ae-35b1-4a85-8ec1-5a6594d7da30,Speed ITB,1789.7234,2640,217.09142,16.29484,01/30/2026,5
Caleb Walker,Speed 1 - 30 - 26,fc0466ae-35b1-4a85-8ec1-5a6594d7da30,Speed ITB,1632.33479,2640,212.90648,13.55161,01/30/2026,0
Riley Robell,Speed 1 - 30 - 26,fc0466ae-35b1-4a85-8ec1-5a6594d7da30,Speed ITB,1635.13558,2640,212.71794,13.738,01/30/2026,0
Matthew Muasau,Speed 1 - 30 - 26,fc0466ae-35b1-4a85-8ec1-5a6594d7da30,Speed ITB,1343.25683,2640,172.2804,14.77691,01/30/2026,0
Noah Fox-Flores,Speed 1 - 30 - 26,fc0466ae-35b1-4a85-8ec1-5a6594d7da30,Speed ITB,1692.00026,2640,187.97716,15.34345,01/30/2026,1
Peter Bario,Speed 1 - 30 - 26,fc0466ae-35b1-4a85-8ec1-5a6594d7da30,Speed ITB,1640.20796,2640,211.99954,16.25478,01/30/2026,5
Marcus Harris,Speed 1 - 30 - 26,2c11f588-1763-4038-8501-61fbfd547972,Speed OTB,1421.09748,2700,181.29472,10.02021,01/30/2026,0
Kuron Jabari,Speed 1 - 30 - 26,2c11f588-1763-4038-8501-61fbfd547972,Speed OTB,1659.34392,2700,209.82594,13.83083,01/30/2026,0
Madden Iamaleava,Speed 1 - 30 - 26,2c11f588-1763-4038-8501-61fbfd547972,Speed OTB,1554.36091,2700,188.52708,15.59497,01/30/2026,2
Jace Brown,Speed 1 - 30 - 26,2c11f588-1763-4038-8501-61fbfd547972,Speed OTB,1706.63268,2700,221.88007,16.83033,01/30/2026,6
Dante Lovett,Speed 1 - 30 - 26,2c11f588-1763-4038-8501-61fbfd547972,Speed OTB,1821.85763,2700,209.92783,17.52596,01/30/2026,5
Dylan Lee,Speed 1 - 30 - 26,2c11f588-1763-4038-8501-61fbfd547972,Speed OTB,1626.99876,2700,181.34393,16.24727,01/30/2026,6
Amier Washington,Speed 1 - 30 - 26,fc0466ae-35b1-4a85-8ec1-5a6594d7da30,Speed ITB,1640.76664,2640,171.14223,12.52834,01/30/2026,0
Kenneth Moore,Speed 1 - 30 - 26,2c11f588-1763-4038-8501-61fbfd547972,Speed OTB,1697.84346,2700,217.72781,17.26761,01/30/2026,6
Anthony Woods,Speed 1 - 30 - 26,2c11f588-1763-4038-8501-61fbfd547972,Speed OTB,1715.0126,2700,221.7298,17.19823,01/30/2026,4
Ty Diffenbach,Speed 1 - 30 - 26,2c11f588-1763-4038-8501-61fbfd547972,Speed OTB,1596.392,2700,184.15819,16.46022,01/30/2026,4
Nico Iamaleava,Speed 1 - 30 - 26,2c11f588-1763-4038-8501-61fbfd547972,Speed OTB,1873.12049,2700,220.07768,16.72159,01/30/2026,5
Joshua Dixon,Speed 1 - 30 - 26,2c11f588-1763-4038-8501-61fbfd547972,Speed OTB,1577.80658,2700,231.48299,17.36996,01/30/2026,6
Jaylan Jeffers,Speed 1 - 30 - 26,fc0466ae-35b1-4a85-8ec1-5a6594d7da30,Speed ITB,1696.54226,2640,243.4615,13.07396,01/30/2026,0
Jhase McMillan,Speed 1 - 30 - 26,2c11f588-1763-4038-8501-61fbfd547972,Speed OTB,1691.00704,2700,253.0715,17.7645,01/30/2026,6
Dylan Sims,Speed 1 - 30 - 26,fc0466ae-35b1-4a85-8ec1-5a6594d7da30,Speed ITB,1501.60969,2640,166.45105,15.6557,01/30/2026,2
Troy Leigber,Speed 1 - 30 - 26,2c11f588-1763-4038-8501-61fbfd547972,Speed OTB,1851.91851,2700,223.97945,18.19682,01/30/2026,6
Sam Yoon,Speed 1 - 30 - 26,fc0466ae-35b1-4a85-8ec1-5a6594d7da30,Speed ITB,1603.39583,2640,201.21745,14.46381,01/30/2026,0
Jensen Somerville,Speed 1 - 30 - 26,fc0466ae-35b1-4a85-8ec1-5a6594d7da30,Speed ITB,1759.1109,2640,226.20901,15.3241,01/30/2026,1
Mone Malafu,Speed 1 - 30 - 26,fc0466ae-35b1-4a85-8ec1-5a6594d7da30,Speed ITB,1506.09148,2640,187.10379,15.96755,01/30/2026,2
KD Arnold,Speed 1 - 30 - 26,fc0466ae-35b1-4a85-8ec1-5a6594d7da30,Speed ITB,1946.46467,2640,242.21834,13.34215,01/30/2026,0
Aiden Mizell,Speed 1 - 30 - 26,2c11f588-1763-4038-8501-61fbfd547972,Speed OTB,1847.73683,2700,234.46338,18.65638,01/30/2026,6
Osiris Gilbert,Speed 1 - 30 - 26,2c11f588-1763-4038-8501-61fbfd547972,Speed OTB,1651.29281,2700,205.02898,17.83952,01/30/2026,4
Aaron Williams,Speed 1 - 30 - 26,2c11f588-1763-4038-8501-61fbfd547972,Speed OTB,1853.63142,2700,228.40671,18.09288,01/30/2026,6
Ezequiel Johnson,Speed 1 - 30 - 26,2c11f588-1763-4038-8501-61fbfd547972,Speed OTB,1628.06073,2700,240.73828,18.24368,01/30/2026,5
JuJu Walls,Speed 1 - 30 - 26,fc0466ae-35b1-4a85-8ec1-5a6594d7da30,Speed ITB,1930.25177,2640,245.22818,18.37751,01/30/2026,6
Cole Martin,Speed 1 - 30 - 26,2c11f588-1763-4038-8501-61fbfd547972,Speed OTB,1946.05483,2700,233.5809,18.05942,01/30/2026,6
LaRue Zamorano,Speed 1 - 30 - 26,2c11f588-1763-4038-8501-61fbfd547972,Speed OTB,1520.7809,2700,196.63072,17.39374,01/30/2026,3
Carter Sweazie,Speed 1 - 30 - 26,fc0466ae-35b1-4a85-8ec1-5a6594d7da30,Speed ITB,1681.3649,2640,239.61104,14.28194,01/30/2026,0
Russell Weir,Speed 1 - 30 - 26,2c11f588-1763-4038-8501-61fbfd547972,Speed OTB,1344.74306,2700,172.63347,17.15892,01/30/2026,6
Shane Rosenthal,Speed 1 - 30 - 26,2c11f588-1763-4038-8501-61fbfd547972,Speed OTB,1612.94852,2700,220.66367,17.43665,01/30/2026,6
Major Pride,Speed 1 - 30 - 26,2c11f588-1763-4038-8501-61fbfd547972,Speed OTB,1591.75336,2700,195.87881,16.72008,01/30/2026,6
Leland Smith,Speed 1 - 30 - 26,2c11f588-1763-4038-8501-61fbfd547972,Speed OTB,1636.80817,2700,207.28101,17.64693,01/30/2026,6
Josh Phifer,Speed 1 - 30 - 26,fc0466ae-35b1-4a85-8ec1-5a6594d7da30,Speed ITB,1685.86831,2640,182.30585,16.71611,01/30/2026,4
Karson Cox,Speed 1 - 30 - 26,2c11f588-1763-4038-8501-61fbfd547972,Speed OTB,1658.1359,2700,250.78275,17.21624,01/30/2026,5
Semaj Morgan,Speed 1 - 30 - 26,2c11f588-1763-4038-8501-61fbfd547972,Speed OTB,1583.21231,2700,205.19963,16.92056,01/30/2026,6
Brett Barry,Speed 1 - 30 - 26,2c11f588-1763-4038-8501-61fbfd547972,Speed OTB,1633.14873,2700,196.13602,17.45251,01/30/2026,6
Malaki Soliai,Speed 1 - 30 - 26,fc0466ae-35b1-4a85-8ec1-5a6594d7da30,Speed ITB,1727.44177,2640,213.18811,15.79638,01/30/2026,4
Darold DeNgohe,Speed 1 - 30 - 26,fc0466ae-35b1-4a85-8ec1-5a6594d7da30,Speed ITB,1497.74907,2640,233.32291,14.50063,01/30/2026,0
Tyson Ford,Speed 1 - 30 - 26,fc0466ae-35b1-4a85-8ec1-5a6594d7da30,Speed ITB,1694.76514,2640,182.9455,16.0554,01/30/2026,5
Jackson Meehan,Speed 1 - 30 - 26,2c11f588-1763-4038-8501-61fbfd547972,Speed OTB,1555.0834,2700,212.9109,17.42828,01/30/2026,6
Wayne Knight,Speed 1 - 30 - 26,2c11f588-1763-4038-8501-61fbfd547972,Speed OTB,1581.57028,2700,229.60321,17.82047,01/30/2026,4
Logan Hirou,Condo 1 - 29 - 26,66b58654-023d-44fd-a8c0-c00fdc34f235,Condo OTB,696.70062,390,74.61431,14.81023,01/29/2026,0
Grant Buckey,Condo 1 - 29 - 26,362ef3ab-d925-499d-bfba-b8ec58d9987a,Condo ITB,682.91018,345,70.79942,16.20843,01/29/2026,2
Dallin Havea,Condo 1 - 29 - 26,362ef3ab-d925-499d-bfba-b8ec58d9987a,Condo ITB,573.82986,345,72.19508,14.66426,01/29/2026,0
Jacob Reis,Condo 1 - 29 - 26,362ef3ab-d925-499d-bfba-b8ec58d9987a,Condo ITB,623.57284,345,66.30499,14.2059,01/29/2026,0
JD Rayner,Condo 1 - 29 - 26,362ef3ab-d925-499d-bfba-b8ec58d9987a,Condo ITB,530.67696,345,56.83523,12.22507,01/29/2026,0
Ty Lee,Condo 1 - 29 - 26,66b58654-023d-44fd-a8c0-c00fdc34f235,Condo OTB,782.4651,390,74.98366,14.13962,01/29/2026,0
Brian Rowe,Condo 1 - 29 - 26,66b58654-023d-44fd-a8c0-c00fdc34f235,Condo OTB,723.52799,390,77.31386,15.90175,01/29/2026,5
Mikey Matthews,Condo 1 - 29 - 26,362ef3ab-d925-499d-bfba-b8ec58d9987a,Condo ITB,684.36243,345,88.04179,15.99679,01/29/2026,3
Chase Coleman,Condo 1 - 29 - 26,66b58654-023d-44fd-a8c0-c00fdc34f235,Condo OTB,739.13608,390,70.98444,16.40488,01/29/2026,4
Sammy Omoshigo,Condo 1 - 29 - 26,362ef3ab-d925-499d-bfba-b8ec58d9987a,Condo ITB,586.57048,345,66.32869,14.50506,01/29/2026,0
Derek Osman,Condo 1 - 29 - 26,362ef3ab-d925-499d-bfba-b8ec58d9987a,Condo ITB,538.38478,345,77.27639,11.77313,01/29/2026,0
Robert Stafford,Condo 1 - 29 - 26,66b58654-023d-44fd-a8c0-c00fdc34f235,Condo OTB,669.86111,390,57.28394,12.52277,01/29/2026,0
Ashton Sanders,Condo 1 - 29 - 26,362ef3ab-d925-499d-bfba-b8ec58d9987a,Condo ITB,502.0724,345,67.40073,13.3352,01/29/2026,0
Landon Ellis,Condo 1 - 29 - 26,66b58654-023d-44fd-a8c0-c00fdc34f235,Condo OTB,716.37472,390,92.11682,14.8595,01/29/2026,0
Colton Gumino,Condo 1 - 29 - 26,66b58654-023d-44fd-a8c0-c00fdc34f235,Condo OTB,748.05446,390,70.4841,14.48082,01/29/2026,0
Brayden Loftin,Condo 1 - 29 - 26,362ef3ab-d925-499d-bfba-b8ec58d9987a,Condo ITB,554.67744,345,68.24387,13.30987,01/29/2026,0
Jalen Woods,Condo 1 - 29 - 26,362ef3ab-d925-499d-bfba-b8ec58d9987a,Condo ITB,601.37798,345,72.45415,14.24848,01/29/2026,0
Sean Na'a,Condo 1 - 29 - 26,362ef3ab-d925-499d-bfba-b8ec58d9987a,Condo ITB,461.72682,345,66.3883,11.53283,01/29/2026,0
Max Roy,Condo 1 - 29 - 26,362ef3ab-d925-499d-bfba-b8ec58d9987a,Condo ITB,444.31104,345,78.14758,11.82677,01/29/2026,0
Gavin Blum,Condo 1 - 29 - 26,362ef3ab-d925-499d-bfba-b8ec58d9987a,Condo ITB,569.36136,345,62.89456,14.43338,01/29/2026,0
Quinn Bucky,Condo 1 - 29 - 26,362ef3ab-d925-499d-bfba-b8ec58d9987a,Condo ITB,463.66801,345,61.3539,11.47053,01/29/2026,0
Michael Price,Condo 1 - 29 - 26,362ef3ab-d925-499d-bfba-b8ec58d9987a,Condo ITB,483.67678,345,59.32827,11.75238,01/29/2026,0
Scott Taylor,Condo 1 - 29 - 26,362ef3ab-d925-499d-bfba-b8ec58d9987a,Condo ITB,605.28112,345,70.29484,14.33602,01/29/2026,0
AJ Fuimaono,Condo 1 - 29 - 26,362ef3ab-d925-499d-bfba-b8ec58d9987a,Condo ITB,494.78459,345,58.13497,11.67429,01/29/2026,0
DJ Barksdale,Condo 1 - 29 - 26,66b58654-023d-44fd-a8c0-c00fdc34f235,Condo OTB,667.00025,390,93.33038,16.51829,01/29/2026,3
Marcus Almada,Condo 1 - 29 - 26,362ef3ab-d925-499d-bfba-b8ec58d9987a,Condo ITB,504.01249,345,64.13669,13.00956,01/29/2026,0
Anthony Sacca,Condo 1 - 29 - 26,362ef3ab-d925-499d-bfba-b8ec58d9987a,Condo ITB,587.1807,345,69.90931,14.59065,01/29/2026,0
Ta'Shawn James,Condo 1 - 29 - 26,66b58654-023d-44fd-a8c0-c00fdc34f235,Condo OTB,661.26312,390,74.94009,15.73394,01/29/2026,2
Julian Armella,Condo 1 - 29 - 26,362ef3ab-d925-499d-bfba-b8ec58d9987a,Condo ITB,467.22986,345,74.325,12.12254,01/29/2026,0
Donavyn Pellot,Condo 1 - 29 - 26,362ef3ab-d925-499d-bfba-b8ec58d9987a,Condo ITB,577.51052,345,68.95421,14.01545,01/29/2026,0
Eugene Brooks,Condo 1 - 29 - 26,362ef3ab-d925-499d-bfba-b8ec58d9987a,Condo ITB,507.17742,345,65.84813,11.04959,01/29/2026,0
Jaivian Thomas,Condo 1 - 29 - 26,66b58654-023d-44fd-a8c0-c00fdc34f235,Condo OTB,640.16521,390,83.20945,14.96798,01/29/2026,0
Sahir West,Condo 1 - 29 - 26,362ef3ab-d925-499d-bfba-b8ec58d9987a,Condo ITB,639.82399,345,66.45365,13.47908,01/29/2026,0
Caleb Walker,Condo 1 - 29 - 26,362ef3ab-d925-499d-bfba-b8ec58d9987a,Condo ITB,479.73209,345,82.06198,10.89437,01/29/2026,0
Riley Robell,Condo 1 - 29 - 26,362ef3ab-d925-499d-bfba-b8ec58d9987a,Condo ITB,522.23409,345,63.95403,12.77002,01/29/2026,0
Matthew Muasau,Condo 1 - 29 - 26,362ef3ab-d925-499d-bfba-b8ec58d9987a,Condo ITB,537.13911,345,53.98234,14.15256,01/29/2026,0
Stevie Amar,Condo 1 - 29 - 26,362ef3ab-d925-499d-bfba-b8ec58d9987a,Condo ITB,631.7925,345,55.67734,14.17018,01/29/2026,0
Noah Fox-Flores,Condo 1 - 29 - 26,362ef3ab-d925-499d-bfba-b8ec58d9987a,Condo ITB,628.20101,345,67.53413,12.97001,01/29/2026,0
Peter Bario,Condo 1 - 29 - 26,362ef3ab-d925-499d-bfba-b8ec58d9987a,Condo ITB,618.22179,345,77.61923,14.68691,01/29/2026,0
Marcus Harris,Condo 1 - 29 - 26,66b58654-023d-44fd-a8c0-c00fdc34f235,Condo OTB,764.96615,390,79.57478,16.22418,01/29/2026,4
Kuron Jabari,Condo 1 - 29 - 26,66b58654-023d-44fd-a8c0-c00fdc34f235,Condo OTB,770.7984,390,91.29021,16.19599,01/29/2026,3
Madden Iamaleava,Condo 1 - 29 - 26,66b58654-023d-44fd-a8c0-c00fdc34f235,Condo OTB,663.69098,390,62.01815,15.46002,01/29/2026,1
Jace Brown,Condo 1 - 29 - 26,66b58654-023d-44fd-a8c0-c00fdc34f235,Condo OTB,706.58026,390,78.18581,15.58521,01/29/2026,1
Dante Lovett,Condo 1 - 29 - 26,66b58654-023d-44fd-a8c0-c00fdc34f235,Condo OTB,755.76555,390,81.48991,15.27872,01/29/2026,2
Dylan Lee,Condo 1 - 29 - 26,66b58654-023d-44fd-a8c0-c00fdc34f235,Condo OTB,745.09081,390,67.89012,15.53734,01/29/2026,3
Amier Washington,Condo 1 - 29 - 26,362ef3ab-d925-499d-bfba-b8ec58d9987a,Condo ITB,510.80385,345,51.43506,11.87687,01/29/2026,0
Kenneth Moore,Condo 1 - 29 - 26,66b58654-023d-44fd-a8c0-c00fdc34f235,Condo OTB,808.44389,390,84.79369,17.53482,01/29/2026,14
Anthony Woods,Condo 1 - 29 - 26,362ef3ab-d925-499d-bfba-b8ec58d9987a,Condo ITB,663.10699,345,71.67466,15.10996,01/29/2026,0
Ty Diffenbach,Condo 1 - 29 - 26,66b58654-023d-44fd-a8c0-c00fdc34f235,Condo OTB,742.1632,390,73.65232,15.05468,01/29/2026,1
Nico Iamaleava,Condo 1 - 29 - 26,66b58654-023d-44fd-a8c0-c00fdc34f235,Condo OTB,700.48669,390,69.78418,15.82779,01/29/2026,2
Joshua Dixon,Condo 1 - 29 - 26,66b58654-023d-44fd-a8c0-c00fdc34f235,Condo OTB,727.30324,390,83.05622,15.50473,01/29/2026,3
Jaylan Jeffers,Condo 1 - 29 - 26,362ef3ab-d925-499d-bfba-b8ec58d9987a,Condo ITB,551.24305,345,88.47713,11.21696,01/29/2026,0
Jhase McMillan,Condo 1 - 29 - 26,66b58654-023d-44fd-a8c0-c00fdc34f235,Condo OTB,672.03305,390,83.15324,15.46352,01/29/2026,1
Dylan Sims,Condo 1 - 29 - 26,362ef3ab-d925-499d-bfba-b8ec58d9987a,Condo ITB,615.50851,345,55.87137,14.2963,01/29/2026,0
Troy Leigber,Condo 1 - 29 - 26,66b58654-023d-44fd-a8c0-c00fdc34f235,Condo OTB,746.71808,390,74.53596,15.06895,01/29/2026,0
Sam Yoon,Condo 1 - 29 - 26,362ef3ab-d925-499d-bfba-b8ec58d9987a,Condo ITB,510.86396,345,85.25005,12.6523,01/29/2026,0
Jensen Somerville,Condo 1 - 29 - 26,362ef3ab-d925-499d-bfba-b8ec58d9987a,Condo ITB,512.13255,345,67.12493,12.24912,01/29/2026,0
Mone Malafu,Condo 1 - 29 - 26,362ef3ab-d925-499d-bfba-b8ec58d9987a,Condo ITB,594.18199,345,61.25492,14.24792,01/29/2026,0
KD Arnold,Condo 1 - 29 - 26,362ef3ab-d925-499d-bfba-b8ec58d9987a,Condo ITB,581.26602,345,57.02889,15.60835,01/29/2026,1
Scooter Jackson,Condo 1 - 29 - 26,66b58654-023d-44fd-a8c0-c00fdc34f235,Condo OTB,773.67681,390,80.6209,15.3008,01/29/2026,1
Aiden Mizell,Condo 1 - 29 - 26,66b58654-023d-44fd-a8c0-c00fdc34f235,Condo OTB,709.43023,390,73.80627,14.68934,01/29/2026,0
Osiris Gilbert,Condo 1 - 29 - 26,66b58654-023d-44fd-a8c0-c00fdc34f235,Condo OTB,734.45979,390,79.11902,16.44001,01/29/2026,2
Aaron Williams,Condo 1 - 29 - 26,66b58654-023d-44fd-a8c0-c00fdc34f235,Condo OTB,698.97202,390,78.40254,14.8107,01/29/2026,0
Ezequiel Johnson,Condo 1 - 29 - 26,66b58654-023d-44fd-a8c0-c00fdc34f235,Condo OTB,816.68964,390,100.99571,16.83387,01/29/2026,6
JuJu Walls,Condo 1 - 29 - 26,362ef3ab-d925-499d-bfba-b8ec58d9987a,Condo ITB,644.60634,345,65.96871,14.45542,01/29/2026,0
Cole Martin,Condo 1 - 29 - 26,66b58654-023d-44fd-a8c0-c00fdc34f235,Condo OTB,694.4915,390,84.76429,16.46055,01/29/2026,6
LaRue Zamorano,Condo 1 - 29 - 26,66b58654-023d-44fd-a8c0-c00fdc34f235,Condo OTB,685.60369,390,70.21406,15.15274,01/29/2026,1
Carter Sweazie,Condo 1 - 29 - 26,362ef3ab-d925-499d-bfba-b8ec58d9987a,Condo ITB,395.13672,345,78.23087,11.40794,01/29/2026,0
Russell Weir,Condo 1 - 29 - 26,66b58654-023d-44fd-a8c0-c00fdc34f235,Condo OTB,693.05233,390,62.36483,15.84499,01/29/2026,3
Cole Cogshell,Condo 1 - 29 - 26,362ef3ab-d925-499d-bfba-b8ec58d9987a,Condo ITB,463.04571,345,83.75687,13.84407,01/29/2026,0
Shane Rosenthal,Condo 1 - 29 - 26,66b58654-023d-44fd-a8c0-c00fdc34f235,Condo OTB,764.08026,390,102.49672,16.41581,01/29/2026,3
Major Pride,Condo 1 - 29 - 26,66b58654-023d-44fd-a8c0-c00fdc34f235,Condo OTB,709.98011,390,71.15347,16.41207,01/29/2026,3
Leland Smith,Condo 1 - 29 - 26,66b58654-023d-44fd-a8c0-c00fdc34f235,Condo OTB,749.07044,390,91.21532,14.2243,01/29/2026,0
Josh Phifer,Condo 1 - 29 - 26,362ef3ab-d925-499d-bfba-b8ec58d9987a,Condo ITB,606.21941,345,63.03984,14.07383,01/29/2026,0
Karson Cox,Condo 1 - 29 - 26,66b58654-023d-44fd-a8c0-c00fdc34f235,Condo OTB,764.76931,390,106.92521,15.46275,01/29/2026,1
Semaj Morgan,Condo 1 - 29 - 26,66b58654-023d-44fd-a8c0-c00fdc34f235,Condo OTB,768.1201,390,86.14377,17.30773,01/29/2026,9
Brett Barry,Condo 1 - 29 - 26,66b58654-023d-44fd-a8c0-c00fdc34f235,Condo OTB,741.89307,390,71.32018,16.79131,01/29/2026,2
Nehemiah Johnson,Condo 1 - 29 - 26,362ef3ab-d925-499d-bfba-b8ec58d9987a,Condo ITB,440.11728,345,56.48391,11.38696,01/29/2026,0
Malaki Soliai,Condo 1 - 29 - 26,362ef3ab-d925-499d-bfba-b8ec58d9987a,Condo ITB,561.40316,345,64.21792,14.4679,01/29/2026,0
Darold DeNgohe,Condo 1 - 29 - 26,362ef3ab-d925-499d-bfba-b8ec58d9987a,Condo ITB,512.66441,345,79.31177,11.52054,01/29/2026,0
Tyson Ford,Condo 1 - 29 - 26,362ef3ab-d925-499d-bfba-b8ec58d9987a,Condo ITB,474.8688,345,55.97355,12.4523,01/29/2026,0
Jackson Meehan,Condo 1 - 29 - 26,66b58654-023d-44fd-a8c0-c00fdc34f235,Condo OTB,718.97859,390,82.13086,16.32057,01/29/2026,6
Wayne Knight,Condo 1 - 29 - 26,66b58654-023d-44fd-a8c0-c00fdc34f235,Condo OTB,694.81303,390,82.76274,15.11516,01/29/2026,1
Logan Hirou,Speed 1 - 27 -26,79bf4f4c-424a-4555-9a99-7ed203b0bab7,Max V OTB,1458.09504,2220,181.64536,16.46459,01/27/2026,2
Grant Buckey,Speed 1 - 27 -26,f229257d-58be-4584-912d-9f481a7c0904,Max V ITB,1529.07271,2370,211.72481,14.1807,01/27/2026,0
Dallin Havea,Speed 1 - 27 -26,f229257d-58be-4584-912d-9f481a7c0904,Max V ITB,1373.04458,2370,198.63977,15.56212,01/27/2026,2
Jacob Reis,Speed 1 - 27 -26,f229257d-58be-4584-912d-9f481a7c0904,Max V ITB,1434.22031,2370,180.58833,16.29839,01/27/2026,3
Ty Lee,Speed 1 - 27 -26,79bf4f4c-424a-4555-9a99-7ed203b0bab7,Max V OTB,1646.35953,2220,199.62486,17.24601,01/27/2026,5
Robert James,Speed 1 - 27 -26,f229257d-58be-4584-912d-9f481a7c0904,Max V ITB,1476.09614,2370,229.12898,15.12555,01/27/2026,1
Brian Rowe,Speed 1 - 27 -26,79bf4f4c-424a-4555-9a99-7ed203b0bab7,Max V OTB,1374.95854,2220,166.63258,16.42963,01/27/2026,4
CJ Lavender,Speed 1 - 27 -26,79bf4f4c-424a-4555-9a99-7ed203b0bab7,Max V OTB,1385.01025,2220,172.22984,17.61575,01/27/2026,4
Mikey Matthews,Speed 1 - 27 -26,f229257d-58be-4584-912d-9f481a7c0904,Max V ITB,1854.71796,2370,221.80836,15.84219,01/27/2026,3
Wyatt Mosier,Speed 1 - 27 -26,f229257d-58be-4584-912d-9f481a7c0904,Max V ITB,1573.92153,2370,186.77769,15.66775,01/27/2026,2
Chase Coleman,Speed 1 - 27 -26,79bf4f4c-424a-4555-9a99-7ed203b0bab7,Max V OTB,1417.4825,2220,165.63055,17.33668,01/27/2026,3
Sammy Omoshigo,Speed 1 - 27 -26,f229257d-58be-4584-912d-9f481a7c0904,Max V ITB,1502.42563,2370,188.19922,16.72307,01/27/2026,4
Derek Osman,Speed 1 - 27 -26,f229257d-58be-4584-912d-9f481a7c0904,Max V ITB,1412.44323,2370,187.31729,13.07577,01/27/2026,0
Robert Stafford,Speed 1 - 27 -26,79bf4f4c-424a-4555-9a99-7ed203b0bab7,Max V OTB,1429.82063,2220,161.6256,16.54595,01/27/2026,2
Ashton Sanders,Speed 1 - 27 -26,f229257d-58be-4584-912d-9f481a7c0904,Max V ITB,1436.36976,2370,222.53401,15.2313,01/27/2026,1
Landon Ellis,Speed 1 - 27 -26,79bf4f4c-424a-4555-9a99-7ed203b0bab7,Max V OTB,1661.31234,2220,213.49393,16.57052,01/27/2026,7
Colton Gumino,Speed 1 - 27 -26,79bf4f4c-424a-4555-9a99-7ed203b0bab7,Max V OTB,1585.59497,2220,187.77039,16.2418,01/27/2026,3
Brayden Loftin,Speed 1 - 27 -26,f229257d-58be-4584-912d-9f481a7c0904,Max V ITB,1243.12781,2370,157.71886,15.72155,01/27/2026,2
Jalen Woods,Speed 1 - 27 -26,f229257d-58be-4584-912d-9f481a7c0904,Max V ITB,1577.49086,2370,189.50815,16.64619,01/27/2026,3
Sean Na'a,Speed 1 - 27 -26,f229257d-58be-4584-912d-9f481a7c0904,Max V ITB,1341.86138,2370,178.58327,12.68032,01/27/2026,0
Max Roy,Speed 1 - 27 -26,f229257d-58be-4584-912d-9f481a7c0904,Max V ITB,1227.03426,2370,182.74481,13.03707,01/27/2026,0
Gavin Blum,Speed 1 - 27 -26,f229257d-58be-4584-912d-9f481a7c0904,Max V ITB,1468.70411,2370,176.27826,14.87453,01/27/2026,0
Aiden Gobaira,Speed 1 - 27 -26,f229257d-58be-4584-912d-9f481a7c0904,Max V ITB,742.83577,2370,191.96162,10.60254,01/27/2026,0
Quinn Bucky,Speed 1 - 27 -26,f229257d-58be-4584-912d-9f481a7c0904,Max V ITB,1291.17564,2370,166.93011,13.21109,01/27/2026,0
Michael Price,Speed 1 - 27 -26,f229257d-58be-4584-912d-9f481a7c0904,Max V ITB,1356.48619,2370,165.08792,13.96045,01/27/2026,0
Scott Taylor,Speed 1 - 27 -26,f229257d-58be-4584-912d-9f481a7c0904,Max V ITB,1691.18393,2370,191.48869,16.89148,01/27/2026,5
AJ Fuimaono,Speed 1 - 27 -26,f229257d-58be-4584-912d-9f481a7c0904,Max V ITB,1532.90463,2370,183.21268,14.48705,01/27/2026,0
Tao Johnson,Speed 1 - 27 -26,79bf4f4c-424a-4555-9a99-7ed203b0bab7,Max V OTB,1508.09501,2220,200.0107,17.8916,01/27/2026,6
Lucien Holland,Speed 1 - 27 -26,f229257d-58be-4584-912d-9f481a7c0904,Max V ITB,1501.33615,2370,200.06772,17.76104,01/27/2026,3
DJ Barksdale,Speed 1 - 27 -26,79bf4f4c-424a-4555-9a99-7ed203b0bab7,Max V OTB,1353.61826,2220,174.49081,16.54593,01/27/2026,4
Marcus Almada,Speed 1 - 27 -26,f229257d-58be-4584-912d-9f481a7c0904,Max V ITB,1489.49477,2370,201.78088,15.42802,01/27/2026,1
Anthony Sacca,Speed 1 - 27 -26,f229257d-58be-4584-912d-9f481a7c0904,Max V ITB,1356.20091,2370,173.17511,15.31536,01/27/2026,1
Ta'Shawn James,Speed 1 - 27 -26,79bf4f4c-424a-4555-9a99-7ed203b0bab7,Max V OTB,1376.81229,2220,178.02596,15.79392,01/27/2026,1
Donavyn Pellot,Speed 1 - 27 -26,f229257d-58be-4584-912d-9f481a7c0904,Max V ITB,1534.26297,2370,214.3896,16.25464,01/27/2026,4
Eugene Brooks,Speed 1 - 27 -26,f229257d-58be-4584-912d-9f481a7c0904,Max V ITB,1419.54197,2370,183.50038,13.29251,01/27/2026,0
Jaivian Thomas,Speed 1 - 27 -26,79bf4f4c-424a-4555-9a99-7ed203b0bab7,Max V OTB,1525.39044,2220,180.98932,17.34536,01/27/2026,4
Sahir West,Speed 1 - 27 -26,f229257d-58be-4584-912d-9f481a7c0904,Max V ITB,1684.03419,2370,179.31616,15.29728,01/27/2026,1
Caleb Walker,Speed 1 - 27 -26,f229257d-58be-4584-912d-9f481a7c0904,Max V ITB,1310.6922,2370,199.04131,13.13854,01/27/2026,0
Riley Robell,Speed 1 - 27 -26,f229257d-58be-4584-912d-9f481a7c0904,Max V ITB,1403.96332,2370,194.66641,15.14114,01/27/2026,0
Matthew Muasau,Speed 1 - 27 -26,f229257d-58be-4584-912d-9f481a7c0904,Max V ITB,1254.38113,2370,153.49348,15.66787,01/27/2026,3
Stevie Amar,Speed 1 - 27 -26,f229257d-58be-4584-912d-9f481a7c0904,Max V ITB,1492.78456,2370,142.26668,15.63903,01/27/2026,2
Noah Fox-Flores,Speed 1 - 27 -26,f229257d-58be-4584-912d-9f481a7c0904,Max V ITB,1534.9968,2370,182.79375,16.46616,01/27/2026,2
Peter Bario,Speed 1 - 27 -26,f229257d-58be-4584-912d-9f481a7c0904,Max V ITB,1534.23346,2370,179.94246,15.59501,01/27/2026,3
Marcus Harris,Speed 1 - 27 -26,79bf4f4c-424a-4555-9a99-7ed203b0bab7,Max V OTB,1396.48958,2220,178.60101,16.74093,01/27/2026,6
Kuron Jabari,Speed 1 - 27 -26,79bf4f4c-424a-4555-9a99-7ed203b0bab7,Max V OTB,1513.92659,2220,180.97531,16.08722,01/27/2026,2
Madden Iamaleava,Speed 1 - 27 -26,79bf4f4c-424a-4555-9a99-7ed203b0bab7,Max V OTB,1368.59257,2220,171.74142,16.11863,01/27/2026,1
Jace Brown,Speed 1 - 27 -26,79bf4f4c-424a-4555-9a99-7ed203b0bab7,Max V OTB,1664.61735,2220,199.73357,17.11568,01/27/2026,5
Dylan Lee,Speed 1 - 27 -26,79bf4f4c-424a-4555-9a99-7ed203b0bab7,Max V OTB,1537.22007,2220,171.13968,17.66669,01/27/2026,5
Amier Washington,Speed 1 - 27 -26,f229257d-58be-4584-912d-9f481a7c0904,Max V ITB,1402.12279,2370,159.93054,17.39869,01/27/2026,1
Kenneth Moore,Speed 1 - 27 -26,79bf4f4c-424a-4555-9a99-7ed203b0bab7,Max V OTB,1609.70693,2220,209.94896,18.16985,01/27/2026,7
Anthony Woods,Speed 1 - 27 -26,79bf4f4c-424a-4555-9a99-7ed203b0bab7,Max V OTB,1533.16615,2220,183.32733,15.92305,01/27/2026,1
Ty Diffenbach,Speed 1 - 27 -26,79bf4f4c-424a-4555-9a99-7ed203b0bab7,Max V OTB,1450.66282,2220,166.5275,16.20335,01/27/2026,4
Nico Iamaleava,Speed 1 - 27 -26,79bf4f4c-424a-4555-9a99-7ed203b0bab7,Max V OTB,1501.58686,2220,173.23331,15.71362,01/27/2026,2
Joshua Dixon,Speed 1 - 27 -26,79bf4f4c-424a-4555-9a99-7ed203b0bab7,Max V OTB,1406.99852,2220,203.8949,16.84036,01/27/2026,4
Jaylan Jeffers,Speed 1 - 27 -26,f229257d-58be-4584-912d-9f481a7c0904,Max V ITB,1562.1162,2370,201.96371,13.27227,01/27/2026,0
Jhase McMillan,Speed 1 - 27 -26,79bf4f4c-424a-4555-9a99-7ed203b0bab7,Max V OTB,1480.77257,2220,219.54607,17.30676,01/27/2026,5
Dylan Sims,Speed 1 - 27 -26,f229257d-58be-4584-912d-9f481a7c0904,Max V ITB,1374.18639,2370,147.18478,15.58746,01/27/2026,2
Troy Leigber,Speed 1 - 27 -26,79bf4f4c-424a-4555-9a99-7ed203b0bab7,Max V OTB,1509.36244,2220,187.18709,16.12717,01/27/2026,4
Sam Yoon,Speed 1 - 27 -26,f229257d-58be-4584-912d-9f481a7c0904,Max V ITB,1400.14502,2370,198.33144,14.67813,01/27/2026,0
Jensen Somerville,Speed 1 - 27 -26,f229257d-58be-4584-912d-9f481a7c0904,Max V ITB,1437.77896,2370,190.70329,14.97837,01/27/2026,0
Mone Malafu,Speed 1 - 27 -26,f229257d-58be-4584-912d-9f481a7c0904,Max V ITB,0,2370,164.53557,0,01/27/2026,0
KD Arnold,Speed 1 - 27 -26,f229257d-58be-4584-912d-9f481a7c0904,Max V ITB,1118.66041,2370,130.16808,8.2829,01/27/2026,0
Scooter Jackson,Speed 1 - 27 -26,79bf4f4c-424a-4555-9a99-7ed203b0bab7,Max V OTB,1560.24336,2220,186.40591,17.28123,01/27/2026,6
Osiris Gilbert,Speed 1 - 27 -26,79bf4f4c-424a-4555-9a99-7ed203b0bab7,Max V OTB,1463.29304,2220,185.76546,17.85606,01/27/2026,4
Ezequiel Johnson,Speed 1 - 27 -26,79bf4f4c-424a-4555-9a99-7ed203b0bab7,Max V OTB,1475.0084,2220,210.29948,16.76951,01/27/2026,5
JuJu Walls,Speed 1 - 27 -26,f229257d-58be-4584-912d-9f481a7c0904,Max V ITB,1737.50777,2370,218.51624,17.33582,01/27/2026,4
Cole Martin,Speed 1 - 27 -26,79bf4f4c-424a-4555-9a99-7ed203b0bab7,Max V OTB,1566.79009,2220,199.56517,17.4764,01/27/2026,5
LaRue Zamorano,Speed 1 - 27 -26,79bf4f4c-424a-4555-9a99-7ed203b0bab7,Max V OTB,1398.0491,2220,171.02495,17.18694,01/27/2026,3
Carter Sweazie,Speed 1 - 27 -26,f229257d-58be-4584-912d-9f481a7c0904,Max V ITB,1448.57879,2370,207.15547,12.40017,01/27/2026,0
Russell Weir,Speed 1 - 27 -26,79bf4f4c-424a-4555-9a99-7ed203b0bab7,Max V OTB,1378.85293,2220,157.6806,16.88485,01/27/2026,5
Cole Cogshell,Speed 1 - 27 -26,f229257d-58be-4584-912d-9f481a7c0904,Max V ITB,809.72767,2370,199.15909,16.27126,01/27/2026,3
Shane Rosenthal,Speed 1 - 27 -26,79bf4f4c-424a-4555-9a99-7ed203b0bab7,Max V OTB,1590.53706,2220,219.40097,16.36258,01/27/2026,3
Major Pride,Speed 1 - 27 -26,79bf4f4c-424a-4555-9a99-7ed203b0bab7,Max V OTB,1419.12412,2220,172.84125,16.28255,01/27/2026,4
Leland Smith,Speed 1 - 27 -26,79bf4f4c-424a-4555-9a99-7ed203b0bab7,Max V OTB,1477.23648,2220,189.09677,17.36917,01/27/2026,6
Josh Phifer,Speed 1 - 27 -26,f229257d-58be-4584-912d-9f481a7c0904,Max V ITB,1581.67975,2370,173.94077,15.0621,01/27/2026,0
Semaj Morgan,Speed 1 - 27 -26,79bf4f4c-424a-4555-9a99-7ed203b0bab7,Max V OTB,1508.76317,2220,173.8416,17.33471,01/27/2026,6
Brett Barry,Speed 1 - 27 -26,79bf4f4c-424a-4555-9a99-7ed203b0bab7,Max V OTB,1420.9174,2220,182.02522,16.96131,01/27/2026,7
Malaki Soliai,Speed 1 - 27 -26,f229257d-58be-4584-912d-9f481a7c0904,Max V ITB,1545.61121,2370,194.0627,15.79425,01/27/2026,3
Darold DeNgohe,Speed 1 - 27 -26,f229257d-58be-4584-912d-9f481a7c0904,Max V ITB,1460.22313,2370,212.53085,13.1679,01/27/2026,0
Tyson Ford,Speed 1 - 27 -26,f229257d-58be-4584-912d-9f481a7c0904,Max V ITB,1274.47841,2370,154.14154,14.57042,01/27/2026,0
Jackson Meehan,Speed 1 - 27 -26,79bf4f4c-424a-4555-9a99-7ed203b0bab7,Max V OTB,1363.21194,2220,180.29228,16.3012,01/27/2026,5
Wayne Knight,Speed 1 - 27 -26,79bf4f4c-424a-4555-9a99-7ed203b0bab7,Max V OTB,1519.32203,2220,213.75252,17.64999,01/27/2026,8
Logan Hirou,Condo 1 - 26 - 26,fe86d0df-f6df-48bd-bce4-53a93652304a,OTB Tempo,698.33617,330,68.20068,16.51727,01/26/2026,11
Grant Buckey,Condo 1 - 26 - 26,10584f0e-600d-48b1-bf50-663906f4ace6,ITB Tempo,591.82195,285,66.85297,14.97606,01/26/2026,0
Dallin Havea,Condo 1 - 26 - 26,10584f0e-600d-48b1-bf50-663906f4ace6,ITB Tempo,563.54993,285,64.79089,15.94304,01/26/2026,2
Jacob Reis,Condo 1 - 26 - 26,10584f0e-600d-48b1-bf50-663906f4ace6,ITB Tempo,568.42854,285,54.41975,14.84807,01/26/2026,0
JD Rayner,Condo 1 - 26 - 26,10584f0e-600d-48b1-bf50-663906f4ace6,ITB Tempo,507.82048,285,46.28861,13.82093,01/26/2026,0
Ty Lee,Condo 1 - 26 - 26,fe86d0df-f6df-48bd-bce4-53a93652304a,OTB Tempo,699.14704,330,74.31673,16.88942,01/26/2026,7
Robert James,Condo 1 - 26 - 26,10584f0e-600d-48b1-bf50-663906f4ace6,ITB Tempo,463.82437,285,66.77464,13.73389,01/26/2026,0
Brian Rowe,Condo 1 - 26 - 26,fe86d0df-f6df-48bd-bce4-53a93652304a,OTB Tempo,688.94901,330,64.49706,17.80023,01/26/2026,10
CJ Lavender,Condo 1 - 26 - 26,fe86d0df-f6df-48bd-bce4-53a93652304a,OTB Tempo,676.14725,330,60.78069,17.9031,01/26/2026,10
Mikey Matthews,Condo 1 - 26 - 26,fe86d0df-f6df-48bd-bce4-53a93652304a,OTB Tempo,669.20964,330,77.74971,17.03925,01/26/2026,10
Wyatt Mosier,Condo 1 - 26 - 26,10584f0e-600d-48b1-bf50-663906f4ace6,ITB Tempo,591.68878,285,66.64785,15.39349,01/26/2026,3
Chase Coleman,Condo 1 - 26 - 26,fe86d0df-f6df-48bd-bce4-53a93652304a,OTB Tempo,713.59523,330,68.65995,16.61381,01/26/2026,9
Sammy Omoshigo,Condo 1 - 26 - 26,10584f0e-600d-48b1-bf50-663906f4ace6,ITB Tempo,572.92107,285,62.81202,14.75735,01/26/2026,0
Derek Osman,Condo 1 - 26 - 26,10584f0e-600d-48b1-bf50-663906f4ace6,ITB Tempo,487.95495,285,61.04343,13.06524,01/26/2026,0
Robert Stafford,Condo 1 - 26 - 26,fe86d0df-f6df-48bd-bce4-53a93652304a,OTB Tempo,712.01795,330,65.14873,16.67545,01/26/2026,7
Ashton Sanders,Condo 1 - 26 - 26,10584f0e-600d-48b1-bf50-663906f4ace6,ITB Tempo,466.34958,285,55.36158,15.14046,01/26/2026,1
Landon Ellis,Condo 1 - 26 - 26,fe86d0df-f6df-48bd-bce4-53a93652304a,OTB Tempo,707.70671,330,84.00405,16.58074,01/26/2026,8
Brayden Loftin,Condo 1 - 26 - 26,10584f0e-600d-48b1-bf50-663906f4ace6,ITB Tempo,549.77828,285,64.8438,15.87647,01/26/2026,1
Jalen Woods,Condo 1 - 26 - 26,10584f0e-600d-48b1-bf50-663906f4ace6,ITB Tempo,511.02976,285,62.23702,16.07391,01/26/2026,1
Sean Na'a,Condo 1 - 26 - 26,10584f0e-600d-48b1-bf50-663906f4ace6,ITB Tempo,427.92984,285,50.6129,12.22913,01/26/2026,0
Max Roy,Condo 1 - 26 - 26,10584f0e-600d-48b1-bf50-663906f4ace6,ITB Tempo,417.72751,285,58.61421,13.62118,01/26/2026,0
Gavin Blum,Condo 1 - 26 - 26,10584f0e-600d-48b1-bf50-663906f4ace6,ITB Tempo,459.94973,285,48.92811,14.61462,01/26/2026,0
Quinn Bucky,Condo 1 - 26 - 26,10584f0e-600d-48b1-bf50-663906f4ace6,ITB Tempo,453.79485,285,47.80824,13.19168,01/26/2026,0
Michael Price,Condo 1 - 26 - 26,10584f0e-600d-48b1-bf50-663906f4ace6,ITB Tempo,508.09058,285,56.53397,14.45416,01/26/2026,0
Scott Taylor,Condo 1 - 26 - 26,10584f0e-600d-48b1-bf50-663906f4ace6,ITB Tempo,609.61506,285,58.84491,14.77301,01/26/2026,0
AJ Fuimaono,Condo 1 - 26 - 26,10584f0e-600d-48b1-bf50-663906f4ace6,ITB Tempo,463.12184,285,47.33636,13.28952,01/26/2026,0
Tao Johnson,Condo 1 - 26 - 26,fe86d0df-f6df-48bd-bce4-53a93652304a,OTB Tempo,746.39769,330,86.84966,17.16372,01/26/2026,9
Lucien Holland,Condo 1 - 26 - 26,10584f0e-600d-48b1-bf50-663906f4ace6,ITB Tempo,553.93136,285,54.91307,16.15306,01/26/2026,2
DJ Barksdale,Condo 1 - 26 - 26,fe86d0df-f6df-48bd-bce4-53a93652304a,OTB Tempo,656.96196,330,80.08618,17.45491,01/26/2026,10
Marcus Almada,Condo 1 - 26 - 26,10584f0e-600d-48b1-bf50-663906f4ace6,ITB Tempo,473.85943,285,48.97504,14.12439,01/26/2026,0
Anthony Sacca,Condo 1 - 26 - 26,10584f0e-600d-48b1-bf50-663906f4ace6,ITB Tempo,506.50593,285,58.50385,14.93938,01/26/2026,0
Ta'Shawn James,Condo 1 - 26 - 26,fe86d0df-f6df-48bd-bce4-53a93652304a,OTB Tempo,671.81104,330,70.66341,16.46338,01/26/2026,8
Julian Armella,Condo 1 - 26 - 26,10584f0e-600d-48b1-bf50-663906f4ace6,ITB Tempo,493.71394,285,61.25284,13.26201,01/26/2026,0
Donavyn Pellot,Condo 1 - 26 - 26,10584f0e-600d-48b1-bf50-663906f4ace6,ITB Tempo,545.94379,285,57.21296,15.49426,01/26/2026,2
Eugene Brooks,Condo 1 - 26 - 26,10584f0e-600d-48b1-bf50-663906f4ace6,ITB Tempo,466.15704,285,54.97948,12.27586,01/26/2026,0
Jaivian Thomas,Condo 1 - 26 - 26,fe86d0df-f6df-48bd-bce4-53a93652304a,OTB Tempo,658.13921,330,74.45755,16.05404,01/26/2026,4
Sahir West,Condo 1 - 26 - 26,10584f0e-600d-48b1-bf50-663906f4ace6,ITB Tempo,601.98279,285,56.86226,14.817,01/26/2026,0
Caleb Walker,Condo 1 - 26 - 26,10584f0e-600d-48b1-bf50-663906f4ace6,ITB Tempo,472.49238,285,71.68337,13.7233,01/26/2026,0
Riley Robell,Condo 1 - 26 - 26,10584f0e-600d-48b1-bf50-663906f4ace6,ITB Tempo,501.27629,285,51.88463,14.05294,01/26/2026,0
Matthew Muasau,Condo 1 - 26 - 26,10584f0e-600d-48b1-bf50-663906f4ace6,ITB Tempo,518.10154,285,42.70531,14.96985,01/26/2026,0
Stevie Amar,Condo 1 - 26 - 26,10584f0e-600d-48b1-bf50-663906f4ace6,ITB Tempo,560.67693,285,48.35134,15.2142,01/26/2026,1
Noah Fox-Flores,Condo 1 - 26 - 26,10584f0e-600d-48b1-bf50-663906f4ace6,ITB Tempo,601.87232,285,57.38642,15.70208,01/26/2026,2
Peter Bario,Condo 1 - 26 - 26,10584f0e-600d-48b1-bf50-663906f4ace6,ITB Tempo,627.45576,285,69.53558,14.86169,01/26/2026,0
Marcus Harris,Condo 1 - 26 - 26,fe86d0df-f6df-48bd-bce4-53a93652304a,OTB Tempo,646.56916,330,66.05458,17.0846,01/26/2026,10
Madden Iamaleava,Condo 1 - 26 - 26,fe86d0df-f6df-48bd-bce4-53a93652304a,OTB Tempo,648.7686,330,54.52648,15.72456,01/26/2026,3
Jace Brown,Condo 1 - 26 - 26,fe86d0df-f6df-48bd-bce4-53a93652304a,OTB Tempo,697.83462,330,73.83488,17.49506,01/26/2026,6
Dante Lovett,Condo 1 - 26 - 26,fe86d0df-f6df-48bd-bce4-53a93652304a,OTB Tempo,711.10136,330,68.88474,16.59696,01/26/2026,8
Amier Washington,Condo 1 - 26 - 26,10584f0e-600d-48b1-bf50-663906f4ace6,ITB Tempo,562.11397,285,51.21801,15.17699,01/26/2026,2
Kenneth Moore,Condo 1 - 26 - 26,fe86d0df-f6df-48bd-bce4-53a93652304a,OTB Tempo,735.95035,330,74.3016,18.82993,01/26/2026,10
Anthony Woods,Condo 1 - 26 - 26,fe86d0df-f6df-48bd-bce4-53a93652304a,OTB Tempo,686.9663,330,83.64134,16.98198,01/26/2026,9
Ty Diffenbach,Condo 1 - 26 - 26,fe86d0df-f6df-48bd-bce4-53a93652304a,OTB Tempo,718.87253,330,70.93,16.52136,01/26/2026,10
Joshua Dixon,Condo 1 - 26 - 26,fe86d0df-f6df-48bd-bce4-53a93652304a,OTB Tempo,687.5011,330,72.12817,17.78492,01/26/2026,10
Jaylan Jeffers,Condo 1 - 26 - 26,10584f0e-600d-48b1-bf50-663906f4ace6,ITB Tempo,467.27365,285,67.83413,11.43292,01/26/2026,0
Jhase McMillan,Condo 1 - 26 - 26,fe86d0df-f6df-48bd-bce4-53a93652304a,OTB Tempo,637.1784,330,73.63223,17.62599,01/26/2026,10
Troy Leigber,Condo 1 - 26 - 26,fe86d0df-f6df-48bd-bce4-53a93652304a,OTB Tempo,719.97161,330,69.29277,16.438,01/26/2026,8
Sam Yoon,Condo 1 - 26 - 26,10584f0e-600d-48b1-bf50-663906f4ace6,ITB Tempo,490.27671,285,61.34467,14.17011,01/26/2026,0
Jensen Somerville,Condo 1 - 26 - 26,10584f0e-600d-48b1-bf50-663906f4ace6,ITB Tempo,481.61201,285,52.0794,13.6681,01/26/2026,0
Mone Malafu,Condo 1 - 26 - 26,10584f0e-600d-48b1-bf50-663906f4ace6,ITB Tempo,586.46976,285,49.88236,15.82017,01/26/2026,2
KD Arnold,Condo 1 - 26 - 26,10584f0e-600d-48b1-bf50-663906f4ace6,ITB Tempo,475.18703,285,48.26997,13.87715,01/26/2026,0
Osiris Gilbert,Condo 1 - 26 - 26,fe86d0df-f6df-48bd-bce4-53a93652304a,OTB Tempo,675.08094,330,67.92164,15.40658,01/26/2026,2
Aaron Williams,Condo 1 - 26 - 26,fe86d0df-f6df-48bd-bce4-53a93652304a,OTB Tempo,681.05536,330,72.85977,18.2847,01/26/2026,9
JuJu Walls,Condo 1 - 26 - 26,10584f0e-600d-48b1-bf50-663906f4ace6,ITB Tempo,537.05598,285,51.84558,15.64778,01/26/2026,2
Cole Martin,Condo 1 - 26 - 26,fe86d0df-f6df-48bd-bce4-53a93652304a,OTB Tempo,691.74005,330,76.13191,17.41932,01/26/2026,10
LaRue Zamorano,Condo 1 - 26 - 26,fe86d0df-f6df-48bd-bce4-53a93652304a,OTB Tempo,660.52167,330,58.35186,15.51879,01/26/2026,1
Carter Sweazie,Condo 1 - 26 - 26,10584f0e-600d-48b1-bf50-663906f4ace6,ITB Tempo,470.94053,285,63.02576,11.81772,01/26/2026,0
Russell Weir,Condo 1 - 26 - 26,fe86d0df-f6df-48bd-bce4-53a93652304a,OTB Tempo,657.3469,330,55.919670000000004,16.07117,01/26/2026,2
Shane Rosenthal,Condo 1 - 26 - 26,fe86d0df-f6df-48bd-bce4-53a93652304a,OTB Tempo,735.53264,330,93.63834,16.59351,01/26/2026,9
Major Pride,Condo 1 - 26 - 26,fe86d0df-f6df-48bd-bce4-53a93652304a,OTB Tempo,673.26777,330,63.11598,17.46003,01/26/2026,6
Leland Smith,Condo 1 - 26 - 26,fe86d0df-f6df-48bd-bce4-53a93652304a,OTB Tempo,703.98753,330,80.9036,16.95051,01/26/2026,8
Josh Phifer,Condo 1 - 26 - 26,10584f0e-600d-48b1-bf50-663906f4ace6,ITB Tempo,578.44274,285,51.66473,16.59655,01/26/2026,3
Karson Cox,Condo 1 - 26 - 26,fe86d0df-f6df-48bd-bce4-53a93652304a,OTB Tempo,740.60629,330,92.79147,16.35249,01/26/2026,7
Semaj Morgan,Condo 1 - 26 - 26,fe86d0df-f6df-48bd-bce4-53a93652304a,OTB Tempo,696.58688,330,72.34657,17.26653,01/26/2026,10
Brett Barry,Condo 1 - 26 - 26,fe86d0df-f6df-48bd-bce4-53a93652304a,OTB Tempo,731.24109,330,66.7522,16.64605,01/26/2026,7
Darold DeNgohe,Condo 1 - 26 - 26,10584f0e-600d-48b1-bf50-663906f4ace6,ITB Tempo,451.21614,285,64.59376,12.81364,01/26/2026,0
Tyson Ford,Condo 1 - 26 - 26,10584f0e-600d-48b1-bf50-663906f4ace6,ITB Tempo,435.30078,285,45.809,13.60876,01/26/2026,0
Jackson Meehan,Condo 1 - 26 - 26,fe86d0df-f6df-48bd-bce4-53a93652304a,OTB Tempo,692.15115,330,72.17397,16.79598,01/26/2026,7
Wayne Knight,Condo 1 - 26 - 26,fe86d0df-f6df-48bd-bce4-53a93652304a,OTB Tempo,649.04201,330,76.35758,16.3872,01/26/2026,8
